id,first_name,last_name,email,gender,ip_address
1,Titos,Greally,tgreally0@yahoo.co.jp,Male,167.182.31.252
2,Durant,Baptie,dbaptie1@craigslist.org,Male,208.0.234.241
3,Enriqueta,Hasel,ehasel2@wordpress.com,Genderqueer,127.95.226.255
4,Zelma,Huddlestone,zhuddlestone3@apple.com,Female,57.208.32.191
5,Linell,Charer,lcharer4@privacy.gov.au,Female,39.139.213.59
6,Darcie,Very,dvery5@blogspot.com,Female,252.28.102.147
7,Blondie,Driffield,bdriffield6@istockphoto.com,Female,189.206.62.106
8,Mirabel,Kabsch,mkabsch7@marriott.com,Female,184.72.236.108
9,Marlow,Possek,mpossek8@illinois.edu,Genderfluid,74.9.36.46
10,Hally,Brikner,hbrikner9@illinois.edu,Genderqueer,183.0.218.113
11,Biron,Vale,bvalea@friendfeed.com,Male,123.217.139.200
12,Clare,Roberto,crobertob@goo.ne.jp,Female,135.206.62.254
13,Caddric,Sillwood,csillwoodc@howstuffworks.com,Bigender,92.50.189.205
14,Baillie,Baggelley,bbaggelleyd@privacy.gov.au,Male,111.16.189.216
15,Dougy,Bellanger,dbellangere@hatena.ne.jp,Male,186.116.153.161
16,Giacobo,McKnish,gmcknishf@irs.gov,Male,3.188.176.235
17,Fransisco,MacCrackan,fmaccrackang@uol.com.br,Male,187.7.67.83
18,Niccolo,Yukhin,nyukhinh@myspace.com,Male,47.148.115.81
19,Celestine,Shearman,cshearmani@un.org,Female,8.214.142.58
20,Garrot,Campe,gcampej@mapy.cz,Male,217.70.110.100
21,Lucais,Heaseman,lheasemank@xing.com,Male,51.188.193.176
22,Ethan,Ranfield,eranfieldl@apache.org,Male,226.139.229.180
23,Mario,Jeffryes,mjeffryesm@nasa.gov,Male,161.180.167.230
24,Clerc,Gypps,cgyppsn@princeton.edu,Genderfluid,158.90.93.46
25,Moyna,Laybourn,mlaybourno@altervista.org,Female,92.193.134.16
26,Alanah,Klasing,aklasingp@reverbnation.com,Female,119.75.192.103
27,Toddie,Stanislaw,tstanislawq@4shared.com,Male,95.101.5.7
28,Karlis,Ridolfo,kridolfor@admin.ch,Male,99.132.95.64
29,Janeczka,Trusty,jtrustys@geocities.jp,Female,59.62.205.109
30,Aloin,Streatley,astreatleyt@technorati.com,Male,237.245.144.120
31,Tim,Figg,tfiggu@mediafire.com,Male,51.21.194.187
32,Christophe,Glancy,cglancyv@state.tx.us,Polygender,109.227.20.8
33,Gardner,Sizzey,gsizzeyw@mayoclinic.com,Male,214.109.210.204
34,Skip,Minkin,sminkinx@github.com,Male,201.168.100.137
35,Prentice,Batchley,pbatchleyy@cargocollective.com,Male,73.47.122.148
36,Christel,Disley,cdisleyz@ebay.co.uk,Female,254.40.248.171
37,Tresa,Doyley,tdoyley10@telegraph.co.uk,Female,133.118.9.52
38,Juliane,Hanmer,jhanmer11@epa.gov,Agender,13.216.174.214
39,Bradney,McBrier,bmcbrier12@ted.com,Male,217.110.236.141
40,Ilaire,Whitland,iwhitland13@altervista.org,Male,96.149.204.221
41,Clement,Walthew,cwalthew14@gnu.org,Male,219.203.5.179
42,Hermina,Woolland,hwoolland15@newsvine.com,Female,159.68.203.93
43,Susette,Caser,scaser16@squarespace.com,Female,75.250.24.157
44,Lennard,Willatts,lwillatts17@bloglines.com,Male,117.1.51.99
45,Rance,Bonelle,rbonelle18@msn.com,Male,114.120.85.194
46,Michal,Moorerud,mmoorerud19@pcworld.com,Female,230.145.158.63
47,Austin,Plank,aplank1a@twitpic.com,Male,215.163.227.176
48,Mona,Corstorphine,mcorstorphine1b@google.de,Bigender,255.165.83.169
49,Parke,Orniz,porniz1c@sciencedirect.com,Male,66.220.197.79
50,Otho,Pawnsford,opawnsford1d@sourceforge.net,Male,29.217.10.208
51,Roselia,Carabet,rcarabet1e@chronoengine.com,Female,111.224.146.196
52,Caesar,Raithbie,craithbie1f@bigcartel.com,Male,25.30.86.216
53,Berny,Pounder,bpounder1g@fema.gov,Male,252.226.139.195
54,Ronny,Summerell,rsummerell1h@gravatar.com,Genderqueer,229.78.210.129
55,Sofie,Glewe,sglewe1i@zdnet.com,Female,77.80.221.133
56,Nico,Keyser,nkeyser1j@bing.com,Male,26.177.235.101
57,Fletch,Apedaile,fapedaile1k@cbsnews.com,Male,45.117.116.132
58,Floria,Dressell,fdressell1l@bbc.co.uk,Female,178.146.82.205
59,Mycah,Blague,mblague1m@reverbnation.com,Male,68.101.50.35
60,Isador,Beaushaw,ibeaushaw1n@scribd.com,Male,92.149.200.20
61,Rhianna,Rheam,rrheam1o@people.com.cn,Female,12.66.177.129
62,Van,Aire,vaire1p@t.co,Male,8.15.130.71
63,Walker,Bootes,wbootes1q@soup.io,Male,204.163.155.96
64,Biddie,Stritton,bstritton1r@ebay.co.uk,Female,216.73.23.24
65,Dilan,Merrigan,dmerrigan1s@aol.com,Male,37.41.155.71
66,Quinta,Lowton,qlowton1t@multiply.com,Female,95.187.32.228
67,Clovis,Daniell,cdaniell1u@nature.com,Female,133.29.212.214
68,Abbie,Curmi,acurmi1v@unc.edu,Male,83.45.213.228
69,Isak,Nestor,inestor1w@mlb.com,Non-binary,133.101.59.233
70,Lambert,De Stoop,ldestoop1x@telegraph.co.uk,Male,212.205.166.159
71,Donal,Kensall,dkensall1y@sciencedaily.com,Male,43.71.255.42
72,Rosalinda,Sarfass,rsarfass1z@soup.io,Female,103.40.245.224
73,Tirrell,Moxsom,tmoxsom20@reuters.com,Non-binary,130.225.111.208
74,Aaren,Wanley,awanley21@cornell.edu,Female,254.100.54.118
75,Ilaire,Haydock,ihaydock22@webmd.com,Male,76.153.35.143
76,Iain,Battill,ibattill23@paypal.com,Male,93.12.24.147
77,Karoline,Owens,kowens24@google.pl,Female,210.179.248.233
78,Evyn,Hillhouse,ehillhouse25@tinyurl.com,Male,225.225.44.237
79,Francklyn,Foskew,ffoskew26@virginia.edu,Male,210.251.158.193
80,Ferdie,Jiroutek,fjiroutek27@dailymail.co.uk,Male,129.146.38.44
81,Angie,Veck,aveck28@theatlantic.com,Male,103.73.186.80
82,Issiah,Alejandro,ialejandro29@ow.ly,Male,207.219.231.154
83,Renato,Costellow,rcostellow2a@prlog.org,Male,128.153.128.74
84,Orren,Pickerill,opickerill2b@nydailynews.com,Male,238.22.223.124
85,Tim,Lawman,tlawman2c@de.vu,Female,4.185.94.249
86,Jeanette,Shirrell,jshirrell2d@shutterfly.com,Female,238.43.75.201
87,Abeu,Seadon,aseadon2e@sitemeter.com,Male,194.166.115.180
88,Richmond,Kobisch,rkobisch2f@ovh.net,Male,197.167.37.164
89,Matthaeus,Collar,mcollar2g@reuters.com,Non-binary,39.243.32.86
90,Stearn,Brougham,sbrougham2h@smugmug.com,Male,138.17.78.180
91,Faunie,Vakhrushin,fvakhrushin2i@globo.com,Female,43.11.60.194
92,Nadya,Bothe,nbothe2j@pen.io,Female,250.96.46.225
93,Rosemaria,Featherstonhaugh,rfeatherstonhaugh2k@newyorker.com,Female,6.79.238.102
94,Lissy,Clarycott,lclarycott2l@dmoz.org,Female,195.72.227.74
95,Samuel,Joinsey,sjoinsey2m@utexas.edu,Male,93.69.136.170
96,Chilton,Hempel,chempel2n@bbb.org,Male,109.249.27.26
97,Ravi,Lapham,rlapham2o@usda.gov,Male,2.145.230.238
98,Laureen,Bruggeman,lbruggeman2p@wikipedia.org,Female,68.170.131.171
99,Karmen,Tenpenny,ktenpenny2q@joomla.org,Female,185.188.116.225
100,Bancroft,Fetherstonhaugh,bfetherstonhaugh2r@technorati.com,Male,198.214.12.81
101,Hadlee,Trainor,htrainor2s@sbwire.com,Male,31.36.15.112
102,Trstram,Ellery,tellery2t@weibo.com,Male,5.149.75.159
103,Lucie,Baskeyfield,lbaskeyfield2u@java.com,Female,167.105.42.3
104,Emery,Westoff,ewestoff2v@sohu.com,Male,49.123.52.89
105,Gennie,Birrel,gbirrel2w@soundcloud.com,Female,67.227.236.105
106,Gilles,Marl,gmarl2x@wunderground.com,Male,174.49.64.251
107,Pearle,Watmough,pwatmough2y@cocolog-nifty.com,Female,191.207.39.133
108,Toiboid,Pull,tpull2z@bandcamp.com,Agender,177.215.223.163
109,Bellina,McCarroll,bmccarroll30@chron.com,Female,5.13.42.178
110,Kathi,Parkhouse,kparkhouse31@de.vu,Female,64.217.55.32
111,Louella,Reiners,lreiners32@multiply.com,Female,219.116.87.230
112,Berkly,Sagar,bsagar33@telegraph.co.uk,Male,34.104.62.145
113,Durward,Pettett,dpettett34@si.edu,Male,130.172.133.158
114,Kimmi,Townrow,ktownrow35@ftc.gov,Female,211.136.44.12
115,Berke,Towse,btowse36@webeden.co.uk,Male,236.119.55.167
116,Fitz,Aulton,faulton37@digg.com,Male,87.163.9.45
117,Dana,Galletley,dgalletley38@goo.ne.jp,Male,52.149.108.118
118,Mallorie,McJerrow,mmcjerrow39@umn.edu,Female,187.162.24.26
119,Issi,Jouannin,ijouannin3a@eventbrite.com,Female,111.52.209.9
120,Gallagher,Bazley,gbazley3b@pbs.org,Non-binary,29.254.138.202
121,Alonso,Carik,acarik3c@ehow.com,Male,198.250.34.148
122,Ban,Elcomb,belcomb3d@rakuten.co.jp,Male,217.149.202.109
123,Tarah,L' Anglois,tlanglois3e@reverbnation.com,Female,164.141.254.36
124,Lewiss,Burnsell,lburnsell3f@cbsnews.com,Polygender,45.233.93.136
125,Magdalen,Regorz,mregorz3g@alibaba.com,Bigender,41.238.105.52
126,Niel,Scare,nscare3h@webeden.co.uk,Male,158.237.246.108
127,Paulette,Burleton,pburleton3i@unicef.org,Female,208.136.83.126
128,Webster,Remmers,wremmers3j@independent.co.uk,Male,138.40.172.166
129,Calida,Shefton,cshefton3k@people.com.cn,Female,105.232.24.250
130,Daisey,Lafond,dlafond3l@ibm.com,Female,155.152.150.124
131,Jorgan,Windaybank,jwindaybank3m@engadget.com,Male,32.113.78.54
132,Zechariah,Abbe,zabbe3n@bizjournals.com,Male,118.178.126.197
133,Kathlin,Jaggs,kjaggs3o@huffingtonpost.com,Female,251.10.111.102
134,Maurine,Azam,mazam3p@washingtonpost.com,Non-binary,79.22.13.59
135,Duane,Rihosek,drihosek3q@acquirethisname.com,Genderqueer,61.248.208.75
136,Egbert,Willden,ewillden3r@newsvine.com,Non-binary,221.85.166.50
137,Claus,Wayt,cwayt3s@tamu.edu,Male,174.249.117.143
138,Jermain,Stagge,jstagge3t@etsy.com,Male,47.42.6.205
139,Veradis,Dannatt,vdannatt3u@reuters.com,Female,139.149.26.63
140,Kirsti,Bolus,kbolus3v@answers.com,Female,14.56.94.30
141,Carling,Pren,cpren3w@drupal.org,Male,219.187.223.125
142,Charlton,Brittin,cbrittin3x@guardian.co.uk,Male,163.234.187.69
143,Sylvester,Justice,sjustice3y@over-blog.com,Male,140.233.0.206
144,Ramon,Gapp,rgapp3z@loc.gov,Male,176.156.1.1
145,Johna,Deares,jdeares40@phpbb.com,Genderfluid,231.180.104.86
146,Edythe,Ropars,eropars41@vkontakte.ru,Female,87.47.168.165
147,Creighton,Jancic,cjancic42@google.com.hk,Male,183.203.218.99
148,Cherrita,McCreery,cmccreery43@meetup.com,Female,246.253.35.23
149,Alexandro,Burmaster,aburmaster44@discovery.com,Male,237.41.42.139
150,Cherilyn,Lanigan,clanigan45@ebay.com,Female,209.33.196.14
151,Cullin,Humes,chumes46@illinois.edu,Male,197.101.180.120
152,Darcy,Wilcott,dwilcott47@unc.edu,Male,116.132.113.156
153,Celia,Sextone,csextone48@ucoz.ru,Female,118.164.121.16
154,Alane,Wegenen,awegenen49@issuu.com,Female,250.141.104.74
155,Devon,Style,dstyle4a@squidoo.com,Female,203.172.209.181
156,Jenny,Bambridge,jbambridge4b@wiley.com,Female,60.7.17.246
157,Derk,Gentiry,dgentiry4c@paginegialle.it,Agender,67.15.148.21
158,Lon,Derycot,lderycot4d@ibm.com,Male,29.122.57.161
159,Aldwin,Arnould,aarnould4e@github.com,Male,202.9.53.131
160,Baxter,Matthieson,bmatthieson4f@narod.ru,Male,68.221.66.44
161,Gretchen,Cattle,gcattle4g@newyorker.com,Female,144.109.126.144
162,Monroe,Sharkey,msharkey4h@drupal.org,Male,59.243.126.177
163,Kassie,Ledrane,kledrane4i@mashable.com,Female,150.13.60.241
164,Kristy,Roostan,kroostan4j@seattletimes.com,Female,148.170.157.36
165,Valentino,Camsey,vcamsey4k@yellowpages.com,Male,222.66.98.84
166,Donaugh,Farnhill,dfarnhill4l@twitter.com,Male,211.187.21.4
167,Sherwin,Marrison,smarrison4m@51.la,Male,100.209.247.52
168,Hilary,Whitesel,hwhitesel4n@devhub.com,Male,10.149.60.115
169,Adam,Gilfether,agilfether4o@apache.org,Male,4.85.174.162
170,Bonita,Wrathmall,bwrathmall4p@free.fr,Female,217.203.109.82
171,Brendan,Writer,bwriter4q@unblog.fr,Male,22.252.158.213
172,Bria,Acomb,bacomb4r@cbslocal.com,Female,215.40.166.230
173,Delbert,Sermin,dsermin4s@google.ca,Male,105.163.114.19
174,Lionello,Poyntz,lpoyntz4t@blogspot.com,Male,108.253.225.164
175,Peder,Seligson,pseligson4u@dot.gov,Genderqueer,116.25.185.171
176,Cyrus,Stemp,cstemp4v@edublogs.org,Male,227.10.139.28
177,Marcus,Blench,mblench4w@behance.net,Male,127.168.27.149
178,Devin,Stone,dstone4x@wired.com,Male,101.46.94.208
179,Dix,Burgill,dburgill4y@feedburner.com,Female,83.60.201.6
180,Halimeda,Livings,hlivings4z@dyndns.org,Female,249.15.193.199
181,Gabi,Trahair,gtrahair50@bloglines.com,Female,119.176.209.205
182,Aaron,Sellek,asellek51@arstechnica.com,Male,37.23.129.203
183,Dian,Bawcock,dbawcock52@cargocollective.com,Female,194.75.19.89
184,Anatol,Howbrook,ahowbrook53@blogs.com,Male,2.209.210.38
185,Consuelo,Feedome,cfeedome54@cargocollective.com,Female,206.50.225.97
186,Jelene,Gaskell,jgaskell55@uol.com.br,Female,67.24.211.207
187,Karmen,Garnall,kgarnall56@prlog.org,Bigender,63.224.69.173
188,Loutitia,Foxhall,lfoxhall57@paypal.com,Female,8.253.203.130
189,Enrica,Walder,ewalder58@fema.gov,Female,228.33.247.127
190,Rogers,Aspin,raspin59@google.es,Male,165.196.112.194
191,Gussie,Linton,glinton5a@aol.com,Female,137.21.9.50
192,Damien,Bridat,dbridat5b@51.la,Male,238.24.187.101
193,Clementius,Meineck,cmeineck5c@msn.com,Male,114.241.68.79
194,Shaina,MacMichael,smacmichael5d@oaic.gov.au,Female,34.245.42.5
195,Christy,Plak,cplak5e@livejournal.com,Male,179.174.148.66
196,Rem,Bonefant,rbonefant5f@so-net.ne.jp,Male,215.23.188.150
197,Doralynn,Faircloth,dfaircloth5g@wordpress.com,Female,253.205.207.43
198,Vinny,Van der Brug,vvanderbrug5h@wiley.com,Female,219.93.87.99
199,Franzen,Delacroux,fdelacroux5i@bloomberg.com,Male,237.131.170.244
200,Lars,Ruggen,lruggen5j@nytimes.com,Bigender,99.107.104.186
201,Gilles,Hattrick,ghattrick5k@plala.or.jp,Male,65.206.219.172
202,Kelby,Frizell,kfrizell5l@wiley.com,Male,203.223.125.61
203,Maude,Brychan,mbrychan5m@washington.edu,Female,184.101.248.132
204,Tiphanie,Longridge,tlongridge5n@archive.org,Female,201.198.9.201
205,Lita,Byfield,lbyfield5o@fema.gov,Female,84.116.38.255
206,Aura,Stanes,astanes5p@a8.net,Female,120.16.156.17
207,Hubert,Spaldin,hspaldin5q@mysql.com,Male,44.50.192.145
208,Petunia,Francescone,pfrancescone5r@geocities.jp,Female,91.199.249.206
209,Hadlee,Goodban,hgoodban5s@house.gov,Male,185.142.237.242
210,Bethena,Coye,bcoye5t@jigsy.com,Female,171.70.106.20
211,Kory,Peel,kpeel5u@liveinternet.ru,Genderqueer,106.33.113.67
212,Armand,Segrave,asegrave5v@godaddy.com,Male,53.213.107.27
213,Myer,Rattenbury,mrattenbury5w@economist.com,Male,32.254.254.141
214,Cece,Barneveld,cbarneveld5x@addthis.com,Male,238.68.177.222
215,Vernice,Varfalameev,vvarfalameev5y@auda.org.au,Female,197.221.205.27
216,Hoebart,Drakard,hdrakard5z@xrea.com,Male,109.20.144.0
217,Torrance,Odger,todger60@blogspot.com,Male,113.42.173.36
218,Nelly,Miall,nmiall61@canalblog.com,Female,130.167.2.187
219,Buckie,Bilyard,bbilyard62@jugem.jp,Male,168.247.155.114
220,Cirstoforo,Renne,crenne63@gizmodo.com,Non-binary,149.64.226.107
221,Helenelizabeth,Buffham,hbuffham64@jigsy.com,Genderqueer,176.202.170.118
222,Lionel,Jeanequin,ljeanequin65@quantcast.com,Agender,113.38.9.204
223,Angelika,Feechum,afeechum66@php.net,Female,163.246.112.217
224,Babette,Lovewell,blovewell67@auda.org.au,Female,7.129.254.51
225,Ruy,Rosengren,rrosengren68@yellowpages.com,Male,153.207.175.202
226,Lancelot,Caulkett,lcaulkett69@addthis.com,Male,66.53.75.180
227,Codi,Baxstare,cbaxstare6a@irs.gov,Genderqueer,244.180.69.181
228,Staffard,Beedle,sbeedle6b@foxnews.com,Male,252.186.207.121
229,Rorke,How to preserve,rhowtopreserve6c@barnesandnoble.com,Male,166.141.230.140
230,Sullivan,Rydzynski,srydzynski6d@51.la,Male,90.77.114.132
231,Meir,Escot,mescot6e@deviantart.com,Male,228.96.140.78
232,Mickie,Biasi,mbiasi6f@yahoo.co.jp,Male,104.134.61.229
233,Haily,Packer,hpacker6g@nytimes.com,Male,8.85.88.11
234,Englebert,Hugues,ehugues6h@ibm.com,Male,15.243.220.172
235,Gavrielle,Daly,gdaly6i@sciencedaily.com,Female,124.219.100.84
236,Tobi,Overell,toverell6j@ebay.com,Female,208.143.94.143
237,Pepillo,Yter,pyter6k@exblog.jp,Male,187.189.210.229
238,Oralla,Chilver,ochilver6l@timesonline.co.uk,Female,61.78.129.193
239,Carmina,Jedrzejczak,cjedrzejczak6m@hud.gov,Genderfluid,233.188.228.133
240,Valentijn,Caldero,vcaldero6n@earthlink.net,Male,6.41.14.73
241,Hobey,Hammarberg,hhammarberg6o@bizjournals.com,Male,204.20.133.71
242,Karoline,Petruskevich,kpetruskevich6p@imageshack.us,Female,101.134.252.49
243,Andriette,Shier,ashier6q@cdc.gov,Female,39.87.81.73
244,Christy,Futty,cfutty6r@google.co.uk,Male,156.139.37.204
245,Tabb,Jeanet,tjeanet6s@paypal.com,Male,91.158.50.176
246,Lennard,Larn,llarn6t@ifeng.com,Male,79.69.88.55
247,Isidoro,Scarman,iscarman6u@stanford.edu,Male,144.35.105.212
248,Edlin,Alibone,ealibone6v@blogs.com,Male,18.91.176.57
249,Heddie,Lemarie,hlemarie6w@berkeley.edu,Female,29.145.215.26
250,Leesa,McGorley,lmcgorley6x@bloglovin.com,Female,117.86.232.237